utc_time,bar_time,symbol,interval,model,threshold_long,threshold_short,allow_shorts,use_trend_filter,sma_len,close,proba_up,side,signal,atr_period,atr,sl_price,r_dist,partial_pct,partial_tp,final_tp,trail_k,trail_sl,qty_suggest,test_total_pct,test_maxdd_pct,trades_test,env_version,atr_pct,vol_rel_20,dist_hh_50,dist_ll_50
2026-03-24 15:25,2026-03-24T15:59:59Z,BTCUSDT,4h,LR,0.5,0.5,False,True,200,70220.75,0.47517978997428323,0,0,14,1200.6371428571438,,,0.5,,,2.5,,,77.93781319984365,-30.41741659244571,287,SAFE_v2,0.016872888833603748,1.495172718790926,0.06804920952413201,0.05336184649968655
2026-03-24 20:00,2026-03-24T23:59:59Z,BTCUSDT,4h,LR,0.5,0.5,False,True,200,69360.5,0.5042487346292289,1,1,14,1288.8607142857145,67427.20892857143,1933.291071428568,0.5,71293.79107142857,73227.08214285714,2.5,66138.34821428571,0.005172526862502237,74.98477037435872,-29.585556807808334,290,SAFE_v2,0.01857754852032666,0.0015390197404266265,0.09545870387344105,0.029068140846584874
2026-03-25 00:00,2026-03-25T03:59:59Z,BTCUSDT,4h,LR,0.5,0.5,False,True,200,70572.42,0.5387757953348453,1,1,14,1340.9835714285707,68560.94464285714,2011.4753571428591,0.5,72583.89535714286,74595.37071428572,2.5,67219.96107142857,0.004971475272858528,97.00477312641121,-25.750583067752686,280,SAFE_v2,0.019005747309591835,8.109115254518547e-05,0.07714727182690122,0.045298011217638476
2026-03-25 04:00,2026-03-25T07:59:59Z,BTCUSDT,4h,LR,0.5,0.5,False,True,200,70716.7,0.5313754931879583,1,1,14,1337.537857142856,68710.39321428571,2006.3067857142887,0.5,72723.00678571429,74729.31357142857,2.5,67372.85535714286,0.004984282598854782,92.79641015243637,-26.23715984383842,282,SAFE_v2,0.018914031015910753,1.1927235136102578e-05,0.07471078260156375,0.047457531247922964
2026-03-25 08:00,2026-03-25T11:59:59Z,BTCUSDT,4h,LR,0.5,0.5,False,True,200,70938.88,0.5283052775494469,1,1,14,1302.0685714285707,68985.77714285714,1953.1028571428615,0.5,72891.98285714287,74845.08571428573,2.5,67683.70857142858,0.005120058046829502,85.13707936390091,-28.94849032705903,283,SAFE_v2,0.018357900015178598,0.0003007703061798748,0.07152605612991851,0.050280232261732095
2026-03-25 12:00,2026-03-25T15:59:59Z,BTCUSDT,4h,LR,0.5,0.5,False,True,200,71715.7,0.5107289160934357,1,1,14,1308.2221428571418,69753.36678571429,1962.3332142857107,0.5,73678.03321428571,75640.36642857142,2.5,68445.14464285714,0.005095974489551715,86.31208487710576,-29.226879352078072,280,SAFE_v2,0.018251129206476344,0.0003067802701072632,0.04485234651111757,0.0602451458217103
2026-03-25 16:00,2026-03-25T19:59:59Z,BTCUSDT,4h,LR,0.5,0.5,False,True,200,70845.05,0.4632246064529643,0,0,14,1309.673571428571,,,0.5,,,2.5,,,89.46902781186677,-29.64546084061971,281,SAFE_v2,0.018489598863870787,0.00019168885116299425,0.05733133671189084,0.04902136702121429
2026-03-25 20:00,2026-03-25T23:59:59Z,BTCUSDT,4h,LR,0.5,0.5,False,True,200,70897.15,0.5050822720522522,1,1,14,1130.3128571428565,69201.68071428571,1695.46928571428,0.5,72592.61928571427,74288.08857142855,2.5,68071.36785714285,0.005898072046635233,89.22790090479494,-29.830909332907794,280,SAFE_v2,0.01594610716038594,0.0015975891052637903,0.056580738117336854,0.049696465924065826
2026-03-26 00:00,2026-03-26T03:59:59Z,BTCUSDT,4h,LR,0.5,0.5,False,True,200,71332.02,0.5158770726681156,1,1,14,1044.7864285714281,69764.84035714286,1567.1796428571397,0.5,72899.19964285714,74466.37928571428,2.5,68720.05392857143,0.006380889418502724,89.74349091660012,-29.16488487701009,278,SAFE_v2,0.014645882391131558,0.00013424156264527478,0.04855114203059781,0.05573399771477524
2026-03-26 04:00,2026-03-26T07:59:59Z,BTCUSDT,4h,LR,0.5,0.5,False,True,200,70916.99,0.49809012584993295,0,0,14,1019.7800000000009,,,0.5,,,2.5,,,89.74349091660012,-29.16488487701009,278,SAFE_v2,0.014379002578485766,5.366960598185821e-05,0.05467357064087926,0.050207786161228715
2026-03-26 08:00,2026-03-26T11:59:59Z,BTCUSDT,4h,LR,0.5,0.5,False,True,200,70092.31,0.49636480386552634,0,0,14,1057.1271428571438,,,0.5,,,2.5,,,89.74349091660012,-29.16488487701009,278,SAFE_v2,0.01508297553537615,0.0002811827449226909,0.06541685642962554,0.038905401595492696
2026-03-26 12:00,2026-03-26T15:59:59Z,BTCUSDT,4h,LR,0.5,0.5,False,True,200,69280.59,0.4699361974087504,0,0,14,1066.4114285714293,,,0.5,,,2.5,,,82.66484980910131,-31.76826004232145,284,SAFE_v2,0.015393661219395132,0.00046523596145991796,0.07521059599131083,0.02764809924821004
2026-03-26 16:00,2026-03-26T19:59:59Z,BTCUSDT,4h,LR,0.5,0.5,False,True,200,69065.04,0.476698896687831,0,0,14,1063.847857142858,,,0.5,,,2.5,,,81.19306882885877,-32.3180219544984,285,SAFE_v2,0.01539964102620945,0.00031252335290829573,0.07525320398873006,0.024926378030717934
2026-03-26 20:00,2026-03-26T23:59:59Z,BTCUSDT,4h,LR,0.5,0.5,False,True,200,68534.66,0.47933077488276477,0,0,14,1098.8835714285722,,,0.5,,,2.5,,,78.97165837878053,-33.14779681445319,285,SAFE_v2,0.01603405315856998,0.0007643631545273595,0.06489343447578694,0.01712571621008786
2026-03-27 00:00,2026-03-27T03:59:59Z,BTCUSDT,4h,LR,0.5,0.5,False,True,200,68829.58,0.494496528028075,0,0,14,1053.980714285714,,,0.5,,,2.5,,,79.35164066833183,-33.14779681445326,285,SAFE_v2,0.015314966094830348,0.00030099815835279655,0.04658188839893338,0.021209581880697635
2026-03-27 04:00,2026-03-27T07:59:59Z,BTCUSDT,4h,LR,0.5,0.5,False,True,200,68767.51,0.47627239903709023,0,0,14,1023.182857142858,,,0.5,,,2.5,,,78.90330619752812,-33.147796814453244,285,SAFE_v2,0.014878870227275322,9.097508350683794e-05,0.04738545862719185,0.020458062244801234
2026-03-27 08:00,2026-03-27T11:59:59Z,BTCUSDT,4h,LR,0.5,0.5,False,True,200,68545.32,0.4588957626310467,0,0,14,959.9685714285723,,,0.5,,,2.5,,,76.04954630507225,-33.92372160208238,282,SAFE_v2,0.014005862979491425,0.00021557225777719976,0.05085476495058104,0.017213477349443607
2026-03-27 12:00,2026-03-27T15:59:59Z,BTCUSDT,4h,LR,0.5,0.5,False,True,200,66707.24,0.4229756946626747,0,0,14,1082.1707142857153,,,0.5,,,2.5,,,74.58899823117167,-34.04590411397071,284,SAFE_v2,0.016223772296832535,0.0007556978421113382,0.07980641886290193,0.007058476423321374
2026-03-27 16:00,2026-03-27T19:59:59Z,BTCUSDT,4h,LR,0.5,0.5,False,True,200,66105.79,0.45086757663321503,0,0,14,1110.8785714285727,,,0.5,,,2.5,,,74.15991521194516,-34.04590411397081,284,SAFE_v2,0.016802770951663725,0.00037250798069907436,0.08944210820231219,0.005787833585074857
2026-03-27 20:00,2026-03-27T23:59:59Z,BTCUSDT,4h,LR,0.5,0.5,False,True,200,66058.03,0.47863798900925086,0,0,14,1076.2828571428586,,,0.5,,,2.5,,,74.3845773423159,-34.04590411397089,284,SAFE_v2,0.01629727590764324,0.0003243284048471425,0.09063249822155006,0.007456164126766805
2026-03-28 00:00,2026-03-28T03:59:59Z,BTCUSDT,4h,LR,0.5,0.5,False,True,200,66407.27,0.4924549794231567,0,0,14,1017.0021428571438,,,0.5,,,2.5,,,71.27289545337989,-34.04590411397091,284,SAFE_v2,0.015314618259581537,0.00011231764621513754,0.08461135586339326,0.012935780534905192
2026-03-28 04:00,2026-03-28T07:59:59Z,BTCUSDT,4h,LR,0.5,0.5,False,True,200,66236.19,0.48161889823403387,0,0,14,982.4707142857161,,,0.5,,,2.5,,,71.24284707345518,-34.045904113970835,284,SAFE_v2,0.014831985420980014,0.00013596712588172333,0.08735039251207724,0.01044308574879227
2026-03-28 08:00,2026-03-28T11:59:59Z,BTCUSDT,4h,LR,0.5,0.5,False,True,200,66553.7,0.45382746472971386,0,0,14,947.8878571428587,,,0.5,,,2.5,,,71.03581606161562,-33.663859933534944,284,SAFE_v2,0.01424078697082545,0.0017602774086360748,0.08209868530567531,0.01522246801002616
2026-03-28 12:00,2026-03-28T15:59:59Z,BTCUSDT,4h,LR,0.5,0.5,False,True,200,66329.78,0.43263888478465845,0,0,14,925.1192857142867,,,0.5,,,2.5,,,66.71862894264792,-33.4268669892388,286,SAFE_v2,0.013949437257479389,0.00021530165189961802,0.0860474307168015,0.01162886253463728
2026-03-28 16:00,2026-03-28T19:59:59Z,BTCUSDT,4h,LR,0.5,0.5,False,True,200,67030.23,0.45263776976891157,0,0,14,920.2335714285728,,,0.5,,,2.5,,,73.83633695754222,-33.21098715364427,285,SAFE_v2,0.013731773592303157,0.00044501674889808315,0.0747770906504238,0.021885577403595757
2026-03-28 20:00,2026-03-28T23:59:59Z,BTCUSDT,4h,LR,0.5,0.5,False,True,200,66916.53,0.44819331906459914,0,0,14,880.3257142857162,,,0.5,,,2.5,,,70.92004934017095,-33.32019842694628,287,SAFE_v2,0.01315558122696333,2.453075137306083e-05,0.07635737781940831,0.020447417169930593
2026-03-29 00:00,2026-03-29T03:59:59Z,BTCUSDT,4h,LR,0.5,0.5,False,True,200,66377.04,0.4388126362207231,0,0,14,843.2950000000013,,,0.5,,,2.5,,,77.34665144026613,-33.049827767177156,288,SAFE_v2,0.012704620860559766,1.6579197403693603e-07,0.08510564573317,0.012485945815894427
2026-03-29 04:00,2026-03-29T07:59:59Z,BTCUSDT,4h,LR,0.5,0.5,False,True,200,66911.99,0.47542982113320376,0,0,14,831.8735714285732,,,0.5,,,2.5,,,70.81004727776327,-34.1087983880393,290,SAFE_v2,0.01243235251417643,4.368023033292579e-05,0.07643008727881391,0.020381247010999522
2026-03-29 08:00,2026-03-29T11:59:59Z,BTCUSDT,4h,LR,0.5,0.5,False,True,200,66671.01,0.45711555556509315,0,0,14,784.5978571428599,,,0.5,,,2.5,,,72.00136503664156,-34.123907998066294,289,SAFE_v2,0.011768202923952841,4.576693021870447e-06,0.08032112912660672,0.016840155389899657
2026-03-29 12:00,2026-03-29T15:59:59Z,BTCUSDT,4h,LR,0.5,0.5,False,True,200,66816.29,0.4871346493764157,0,0,14,779.0500000000019,,,0.5,,,2.5,,,69.58998908770366,-33.32019842694645,286,SAFE_v2,0.011659583562568911,4.619764668857061e-06,0.0779721648676041,0.018977859886841933
2026-03-29 16:00,2026-03-29T19:59:59Z,BTCUSDT,4h,LR,0.5,0.5,False,True,200,66523.0,0.4727167569995666,0,0,14,771.155714285717,,,0.5,,,2.5,,,71.74833190707224,-32.58787429006048,286,SAFE_v2,0.01159231715776073,1.0884953117284415e-05,0.08272462155946059,0.014652826841844175
2026-03-29 20:00,2026-03-29T23:59:59Z,BTCUSDT,4h,LR,0.5,0.5,False,True,200,66348.62,0.46300764738822525,0,0,14,635.7042857142889,,,0.5,,,2.5,,,71.74833190707224,-32.58787429006048,286,SAFE_v2,0.009581273668002273,2.7155032700801668e-05,0.08557028013544218,0.012063099428443205
2026-03-30 00:00,2026-03-30T03:59:59Z,BTCUSDT,4h,LR,0.5,0.5,False,True,200,66021.12,0.4746460654096488,0,0,14,689.3292857142889,,,0.5,,,2.5,,,70.6008736951575,-32.73326487069021,285,SAFE_v2,0.010442653750133334,7.870872654585482e-05,0.09112369724225979,0.015314585024025463
2026-03-30 04:00,2026-03-30T07:59:59Z,BTCUSDT,4h,LR,0.5,0.5,False,True,200,67173.8,0.5131627222936078,0,0,14,754.1621428571463,,,0.5,,,2.5,,,70.05773497678697,-32.65981214320446,287,SAFE_v2,0.011227028139797752,0.00024538274808310793,0.0722348594243588,0.032360831157385805
2026-03-30 08:00,2026-03-30T11:59:59Z,BTCUSDT,4h,LR,0.5,0.5,False,True,200,67614.12,0.5068349150662782,0,0,14,756.2171428571465,,,0.5,,,2.5,,,69.52663272710704,-32.65981214320428,287,SAFE_v2,0.011182609452848987,0.0017004200245805015,0.06509042077865689,0.038808335276665704
2026-03-30 12:00,2026-03-30T15:59:59Z,BTCUSDT,4h,LR,0.5,0.5,False,True,200,67700.5,0.4988169911521538,0,0,14,762.8971428571458,,,0.5,,,2.5,,,70.00448075073031,-32.65981214320429,287,SAFE_v2,0.01127204595798559,0.00021484038152081656,0.06420820192537136,0.03960449435546007
2026-03-30 16:00,2026-03-30T19:59:59Z,BTCUSDT,4h,LR,0.5,0.5,False,True,200,67635.39,0.4966223346485694,0,0,14,806.9907142857171,,,0.5,,,2.5,,,69.90678275557649,-32.65981214320441,287,SAFE_v2,0.011932542862804004,6.155967010688046e-05,0.06501151865904478,0.03887954055484737
2026-03-30 20:00,2026-03-30T23:59:59Z,BTCUSDT,4h,LR,0.5,0.5,False,True,200,66558.73,0.44870286679021987,0,0,14,875.7642857142876,,,0.5,,,2.5,,,81.19163941564398,-28.629303500902026,281,SAFE_v2,0.013159483512248113,0.004369997569147587,0.08228453622499146,0.023291492643506696
2026-03-31 00:00,2026-03-31T03:59:59Z,BTCUSDT,4h,LR,0.5,0.5,False,True,200,66797.38,0.5088173136166615,0,0,14,841.9292857142874,,,0.5,,,2.5,,,76.80443136551563,-28.629303500902125,281,SAFE_v2,0.012604228066378773,1.159454819318075e-06,0.07827733337405353,0.02690779592070759
2026-03-31 04:00,2026-03-31T07:59:59Z,BTCUSDT,4h,LR,0.5,0.5,False,True,200,67721.81,0.546861860214633,0,0,14,947.0071428571443,,,0.5,,,2.5,,,80.45490773211795,-28.629303500902115,280,SAFE_v2,0.01398730935023374,8.987383741776747e-05,0.06382640270090383,0.03994904935754875
2026-03-31 08:00,2026-03-31T11:59:59Z,BTCUSDT,4h,LR,0.5,0.5,False,True,200,67367.7,0.5119483838724554,0,0,14,957.6814285714302,,,0.5,,,2.5,,,79.63660168323243,-28.629303500902303,280,SAFE_v2,0.014215737968326213,0.001405217307109034,0.06914887537334283,0.03514577982412641
2026-03-31 12:00,2026-03-31T15:59:59Z,BTCUSDT,4h,LR,0.5,0.5,False,True,200,66732.13,0.4898961690039714,0,0,14,1004.0278571428581,,,0.5,,,2.5,,,78.32035869405641,-28.62930350090234,280,SAFE_v2,0.015056121592846352,0.0016891230654124101,0.08008314827364002,0.025278136883640286
2026-03-31 16:00,2026-03-31T19:59:59Z,BTCUSDT,4h,LR,0.5,0.5,False,True,200,66732.51,0.47969893228252536,0,0,14,1072.6364285714287,,,0.5,,,2.5,,,72.92012859269221,-29.134954866661268,282,SAFE_v2,0.016072638013381352,0.0008334163242929596,0.07925597271670193,0.026024622097553417
2026-03-31 20:00,2026-03-31T23:59:59Z,BTCUSDT,4h,LR,0.5,0.5,False,True,200,67872.16,0.5285096056914758,0,0,14,1164.7935714285725,,,0.5,,,2.5,,,62.840264830978356,-29.614433513546178,283,SAFE_v2,0.017170020274954338,0.002230666829640461,0.06172411658225077,0.041846259072978925
2026-04-01 00:00,2026-04-01T03:59:59Z,BTCUSDT,4h,LR,0.5,0.5,False,True,200,68275.57,0.5341501129213122,0,0,14,1167.4885714285722,,,0.5,,,2.5,,,58.59837581787437,-29.614433513546224,283,SAFE_v2,0.017097422011979474,9.244226684833922e-05,0.054794442309584857,0.04809994891957874
2026-04-01 04:00,2026-04-01T07:59:59Z,BTCUSDT,4h,LR,0.5,0.5,False,True,200,68170.66,0.5072280052201252,0,0,14,1188.4242857142858,,,0.5,,,2.5,,,63.296268108291606,-29.88397108041202,276,SAFE_v2,0.017433073280844764,1.8808916430126132e-05,0.056555407186110955,0.04651076482011983
2026-04-01 08:00,2026-04-01T11:59:59Z,BTCUSDT,4h,LR,0.5,0.5,False,True,200,68686.38,0.5064039295929472,0,0,14,1153.4842857142855,,,0.5,,,2.5,,,66.62669782896609,-28.42367311936478,276,SAFE_v2,0.01679211968954588,0.0010056002129368734,0.04853680195655966,0.053747161241483724
2026-04-01 12:00,2026-04-01T15:59:59Z,BTCUSDT,4h,LR,0.5,0.5,False,True,200,68721.22,0.4929974776918199,0,0,14,1068.6792857142852,,,0.5,,,2.5,,,66.62669782896609,-28.42367311936478,276,SAFE_v2,0.015552904852191204,0.004324027055828903,0.048223671610355616,0.054029745961871344
2026-04-01 16:00,2026-04-01T19:59:59Z,BTCUSDT,4h,LR,0.5,0.5,False,True,200,68922.04,0.5192640917790012,0,0,14,1098.2571428571423,,,0.5,,,2.5,,,66.62669782896609,-28.42367311936478,276,SAFE_v2,0.015935588037252427,0.0018545141325914752,0.045090492366928255,0.05685728596609451
2026-04-01 20:00,2026-04-01T23:59:59Z,BTCUSDT,4h,LR,0.5,0.5,False,True,200,68152.97,0.4992990801827651,0,0,14,1137.5857142857142,,,0.5,,,2.5,,,63.9460413125714,-28.642181733967586,276,SAFE_v2,0.016685808762707602,0.0016484067627114077,0.05645978898405969,0.046597055539681756
2026-04-02 00:00,2026-04-02T03:59:59Z,BTCUSDT,4h,LR,0.5,0.5,False,True,200,68101.61,0.5064198619295345,0,0,14,1101.0571428571432,,,0.5,,,2.5,,,65.74029875271863,-28.09164007545808,276,SAFE_v2,0.016164935784890123,0.0006098584983441498,0.057435690090953485,0.04571635283947831
2026-04-02 04:00,2026-04-02T07:59:59Z,BTCUSDT,4h,LR,0.5,0.5,False,True,200,66572.0,0.47049666079779107,0,0,14,1154.2614285714299,,,0.5,,,2.5,,,67.35510839346934,-27.675086874558787,274,SAFE_v2,0.01733743532523129,0.00010996491161807334,0.0818586207543981,0.023675860385648034
2026-04-02 08:00,2026-04-02T11:59:59Z,BTCUSDT,4h,LR,0.5,0.5,False,True,200,66930.12,0.5157245556404925,0,0,14,1166.3907142857145,,,0.5,,,2.5,,,68.4399343440901,-27.206263763104054,274,SAFE_v2,0.01742681827430566,0.0002572852038578021,0.07612789270827378,0.028847560293252087
2026-04-02 12:00,2026-04-02T15:59:59Z,BTCUSDT,4h,LR,0.5,0.5,False,True,200,66217.1,0.49136781965795445,0,0,14,1087.807142857142,,,0.5,,,2.5,,,70.08537046007741,-26.49516491894778,273,SAFE_v2,0.01642709971714318,0.0006836906755246383,0.0876741989010013,0.018427587439980606
2026-04-02 16:00,2026-04-02T19:59:59Z,BTCUSDT,4h,LR,0.5,0.5,False,True,200,66844.97,0.5119052429478591,0,0,14,1124.7128571428568,,,0.5,,,2.5,,,68.85575198105312,-27.02656220061175,274,SAFE_v2,0.016823693346226166,0.00010639562290266546,0.07738152310796931,0.027716220580375685
2026-04-02 20:00,2026-04-02T23:59:59Z,BTCUSDT,4h,LR,0.5,0.5,False,True,200,66971.53,0.5014623079765952,0,0,14,1077.3014285714287,,,0.5,,,2.5,,,71.48224978460007,-26.36803604134661,273,SAFE_v2,0.016084889951927975,4.5992262851463444e-05,0.07447026912181516,0.029502960687852544
2026-04-03 00:00,2026-04-03T03:59:59Z,BTCUSDT,4h,LR,0.5,0.5,False,True,200,66928.36,0.46496094279233763,0,0,14,1007.9142857142859,,,0.5,,,2.5,,,67.54858693582868,-27.59147234434155,275,SAFE_v2,0.015065535206266448,0.001054655319530594,0.07250740971980055,0.0284294981360047
2026-04-03 04:00,2026-04-03T07:59:59Z,BTCUSDT,4h,LR,0.5,0.5,False,True,200,66579.98,0.4650431271974176,0,0,14,926.3278571428569,,,0.5,,,2.5,,,68.85575198105312,-27.02656220061175,274,SAFE_v2,0.013913011032339861,2.807465482776908e-05,0.07531003693753541,0.02373041021196016
2026-04-03 08:00,2026-04-03T11:59:59Z,BTCUSDT,4h,LR,0.5,0.5,False,True,200,67045.43,0.468907141462908,0,0,14,944.3350000000002,,,0.5,,,2.5,,,70.24253267906977,-26.90035239098627,274,SAFE_v2,0.014085705574767371,0.0006180918122454156,0.0655519637815534,0.030459675475462602
2026-04-03 12:00,2026-04-03T15:59:59Z,BTCUSDT,4h,LR,0.5,0.5,False,True,200,67017.44,0.47519529826778417,0,0,14,931.0057142857144,,,0.5,,,2.5,,,69.94860133545382,-27.026562200611657,274,SAFE_v2,0.013891991611224098,1.7782191481958965e-05,0.05825394106369922,0.030103208955758416
2026-04-03 16:00,2026-04-03T19:59:59Z,BTCUSDT,4h,LR,0.5,0.5,False,True,200,66839.99,0.4739886646710826,0,0,14,899.4092857142854,,,0.5,,,2.5,,,69.94860133545382,-27.026562200611657,274,SAFE_v2,0.013458740732086966,0.003925238119592016,0.04963985446035045,0.027341432337006658
2026-04-03 20:00,2026-04-03T23:59:59Z,BTCUSDT,4h,LR,0.5,0.5,False,True,200,66884.07,0.4799426009041396,0,0,14,889.0521428571426,,,0.5,,,2.5,,,71.48224978460007,-26.36803604134661,273,SAFE_v2,0.013292102963309406,9.141284349793552e-05,0.04472866712695399,0.028193453492478444
2026-04-04 00:00,2026-04-04T03:59:59Z,BTCUSDT,4h,LR,0.5,0.5,False,True,200,66964.3,0.4722216308681016,0,0,14,824.614999999999,,,0.5,,,2.5,,,69.74222716648065,-26.36803604134659,273,SAFE_v2,0.012314248039627069,3.5333767777294393e-07,0.037544183990574014,0.029333540408844755
2026-04-04 04:00,2026-04-04T07:59:59Z,BTCUSDT,4h,LR,0.5,0.5,False,True,200,66827.02,0.47916851602751664,0,0,14,747.5999999999985,,,0.5,,,2.5,,,72.34274676802586,-25.88250419649726,270,SAFE_v2,0.011186227951863886,0.0004862987716285538,0.03959529675674212,0.02741463767903416
2026-04-04 08:00,2026-04-04T11:59:59Z,BTCUSDT,4h,LR,0.5,0.5,False,True,200,67014.95,0.4868027008033525,0,0,14,726.711428571427,,,0.5,,,2.5,,,74.33994491577126,-25.88250419649719,269,SAFE_v2,0.010844017941239193,2.9314865694751674e-05,0.03424668163645839,0.030067316312656252
2026-04-04 12:00,2026-04-04T15:59:59Z,BTCUSDT,4h,LR,0.5,0.5,False,True,200,67156.93,0.48521838468344575,0,0,14,595.3785714285696,,,0.5,,,2.5,,,74.33994491577126,-25.88250419649719,269,SAFE_v2,0.00886548225817603,3.6095173033319775e-05,0.0320602803016756,0.032117757616376946
2026-04-04 16:00,2026-04-04T19:59:59Z,BTCUSDT,4h,LR,0.5,0.5,False,True,200,67393.72,0.4908220204089243,0,0,14,580.354999999998,,,0.5,,,2.5,,,74.80933928767182,-25.88250419649718,269,SAFE_v2,0.008612696312429422,0.0007663735120983146,0.028587642760871054,0.03537445131356776
2026-04-04 20:00,2026-04-04T23:59:59Z,BTCUSDT,4h,LR,0.5,0.5,False,True,200,67288.42,0.48900446423098504,0,0,14,545.7057142857136,,,0.5,,,2.5,,,72.34274676802586,-25.88250419649726,270,SAFE_v2,0.008109949888639287,1.613489280968617e-05,0.03004350525692239,0.034009120737267994
2026-04-05 00:00,2026-04-05T03:59:59Z,BTCUSDT,4h,LR,0.5,0.5,False,True,200,67300.42,0.49468267819115136,0,0,14,468.93285714285594,,,0.5,,,2.5,,,70.22508710818846,-26.49516491894768,273,SAFE_v2,0.006967755285076318,1.506682306273511e-06,0.029859843370962647,0.03418136172107096
2026-04-05 04:00,2026-04-05T07:59:59Z,BTCUSDT,4h,LR,0.5,0.5,False,True,200,67143.31,0.49510590934169285,0,0,14,434.4592857142842,,,0.5,,,2.5,,,69.74222716648065,-26.36803604134659,273,SAFE_v2,0.0064703692717610825,4.0563776427321475e-05,0.0322285861342705,0.03195991777914323
2026-04-05 08:00,2026-04-05T11:59:59Z,BTCUSDT,4h,LR,0.5,0.5,False,True,200,66820.64,0.4854674634242527,0,0,14,449.3114285714265,,,0.5,,,2.5,,,70.97860480647553,-26.368036041346667,273,SAFE_v2,0.006724141351705498,3.331184392554318e-05,0.0372543573362961,0.0272466710884541
2026-04-05 12:00,2026-04-05T15:59:59Z,BTCUSDT,4h,LR,0.5,0.5,False,True,200,66995.23,0.510624599909485,0,0,14,421.6385714285695,,,0.5,,,2.5,,,70.97860480647553,-26.368036041346667,273,SAFE_v2,0.006293206934858274,0.0003435050823336318,0.03449305213510649,0.02983626621292855
2026-04-05 16:00,2026-04-05T19:59:59Z,BTCUSDT,4h,LR,0.5,0.5,False,True,200,67314.29,0.5239820947507925,0,0,14,446.27357142856846,,,0.5,,,2.5,,,70.51949664246932,-26.36803604134663,273,SAFE_v2,0.006630453866491753,0.001928768000554066,0.029764671063657325,0.03427061579659896
2026-04-05 20:00,2026-04-05T23:59:59Z,BTCUSDT,4h,LR,0.5,0.5,False,True,200,67361.01,0.5194591576813757,0,0,14,430.114285714283,,,0.5,,,2.5,,,70.20225540369766,-26.495164918947843,273,SAFE_v2,0.0063852113517045405,7.190143370376446e-05,0.028933503223897702,0.035050097972105745
2026-04-06 00:00,2026-04-06T03:59:59Z,BTCUSDT,4h,LR,0.5,0.5,False,True,200,69055.0,0.5682950965940188,0,0,14,497.3442857142831,,,0.5,,,2.5,,,70.20225540369766,-26.495164918947843,273,SAFE_v2,0.007204319450369124,0.00929099557357487,0.003995412127731611,0.0584374291112025
2026-04-06 04:00,2026-04-06T07:59:59Z,BTCUSDT,4h,LR,0.5,0.5,False,True,200,69133.48,0.5064098230967782,0,0,14,532.6478571428545,,,0.5,,,2.5,,,70.20225540369766,-26.495164918947843,273,SAFE_v2,0.007705720819343621,0.00042504268072468386,0.006717089322054387,0.05965668210131725
2026-04-06 08:00,2026-04-06T11:59:59Z,BTCUSDT,4h,LR,0.5,0.5,False,True,200,69129.79,0.4975243920618112,0,0,14,561.4821428571407,,,0.5,,,2.5,,,70.28739910324917,-26.49516491894778,273,SAFE_v2,0.008123775594608256,0.0005559234025964381,0.006830409959154071,0.0595508327966745
2026-04-06 12:00,2026-04-06T15:59:59Z,BTCUSDT,4h,LR,0.5,0.5,False,True,200,69610.93,0.5104475338798045,1,1,14,636.2792857142839,68656.51107142857,954.4189285714237,0.5,70565.34892857142,71519.76785714284,2.5,68020.23178571428,0.010477579290016829,73.44338771139975,-26.910658706097124,270,SAFE_v2,0.009139985754693698,0.0003324131116204941,0.009601535073449114,0.06629197681933371
2026-04-06 16:00,2026-04-06T19:59:59Z,BTCUSDT,4h,LR,0.5,0.5,False,True,200,69968.88,0.5017115759861722,1,1,14,674.3014285714265,68957.42785714286,1011.4521428571461,0.5,70980.33214285715,71991.7842857143,2.5,68283.12642857144,0.009886775237582707,71.2826969076637,-27.312237475780766,270,SAFE_v2,0.009637163335229317,0.00020964321219021925,0.004494141466054999,0.07101543872296345
2026-04-06 20:00,2026-04-06T23:59:59Z,BTCUSDT,4h,LR,0.5,0.5,False,True,200,69737.93,0.5203103659814906,1,1,14,728.2099999999981,68645.61499999999,1092.3150000000023,0.5,70830.245,71922.56,2.5,67917.405,0.009154868330106222,71.4616895333262,-27.312237475780734,270,SAFE_v2,0.010441854139252131,0.0018954428096081622,0.008774507083715757,0.06796045227147357
2026-04-07 00:00,2026-04-07T03:59:59Z,BTCUSDT,4h,LR,0.5,0.5,False,True,200,68846.3,0.5008981858121991,0,0,14,809.6542857142849,,,0.5,,,2.5,,,74.14338668311665,-27.3247406424036,270,SAFE_v2,0.011759059514255087,0.0002742142017510914,0.02175338246361926,0.055968847552911545
2026-04-07 04:00,2026-04-07T07:59:59Z,BTCUSDT,4h,LR,0.5,0.5,False,True,200,68779.21,0.515919002986692,0,0,14,850.8157142857132,,,0.5,,,2.5,,,74.7207814586606,-27.3197488099445,269,SAFE_v2,0.012370245518750697,3.258952698411794e-05,0.02285937858256877,0.054946981798715135
2026-04-07 08:00,2026-04-07T11:59:59Z,BTCUSDT,4h,LR,0.5,0.5,False,True,200,68624.6,0.5215966915718211,0,0,14,866.5949999999991,,,0.5,,,2.5,,,73.57230380992492,-27.3247406424036,270,SAFE_v2,0.012628049908043181,0.0001899478835706708,0.025163713134398955,0.04244089693187335
2026-04-07 12:00,2026-04-07T15:59:59Z,BTCUSDT,4h,LR,0.5,0.5,False,True,200,68345.75,0.5219154178318886,0,0,14,925.4792857142841,,,0.5,,,2.5,,,71.31358086550776,-26.947203376744135,271,SAFE_v2,0.013541138779138191,9.35064926370333e-06,0.029346521180907467,0.03853392493315246
2026-04-07 16:00,2026-04-07T19:59:59Z,BTCUSDT,4h,LR,0.5,0.5,False,True,200,68168.11,0.5200526653014387,0,0,14,948.6942857142848,,,0.5,,,2.5,,,72.42719102410832,-27.311472794947488,271,SAFE_v2,0.01391698295411321,1.2289820131547376e-05,0.03202905757971838,0.036028288891725165
2026-04-07 20:00,2026-04-07T23:59:59Z,BTCUSDT,4h,LR,0.5,0.5,False,True,200,69056.48,0.5275137990936706,0,0,14,997.4692857142852,,,0.5,,,2.5,,,71.54711950152448,-27.270446079953146,270,SAFE_v2,0.01445371164217167,0.006085589935404297,0.019419576130224676,0.04780623576229336
2026-04-08 00:00,2026-04-08T03:59:59Z,BTCUSDT,4h,LR,0.5,0.5,False,True,200,71924.22,0.5683703149521081,1,1,14,1181.3350000000003,70152.2175,1772.0025000000023,0.5,73696.2225,75468.225,2.5,68970.8825,0.005643332895975027,67.64626564443334,-28.924262021356995,271,SAFE_v2,0.016424717570798823,0.00010449095663550075,0.01163418942881826,0.08637007116656956
2026-04-08 04:00,2026-04-08T07:59:59Z,BTCUSDT,4h,LR,0.5,0.5,False,True,200,71287.38,0.4782196716027419,0,0,14,1215.807142857142,,,0.5,,,2.5,,,70.23018187622894,-29.132332372962132,270,SAFE_v2,0.01705500990928609,3.138880541158239e-05,0.020671397844695964,0.07820836195574006
2026-04-08 08:00,2026-04-08T11:59:59Z,BTCUSDT,4h,LR,0.5,0.5,False,True,200,71653.02,0.4866974851331523,0,0,14,1133.6999999999991,,,0.5,,,2.5,,,74.3077530306836,-27.6825225237603,268,SAFE_v2,0.01582769991284084,0.0006753351235553273,0.0158236511936253,0.08258647261481228
2026-04-08 12:00,2026-04-08T15:59:59Z,BTCUSDT,4h,LR,0.5,0.5,False,True,200,71691.78,0.4695700052920042,0,0,14,1114.8314285714275,,,0.5,,,2.5,,,71.27218250526796,-29.043980463992327,271,SAFE_v2,0.015553952732432503,0.00019804462886514803,0.015150026954960169,0.08319483804142916
2026-04-08 16:00,2026-04-08T19:59:59Z,BTCUSDT,4h,LR,0.5,0.5,False,True,200,71292.31,0.47487245961548386,0,0,14,1229.2628571428565,,,0.5,,,2.5,,,69.10026216261488,-31.398187371538466,270,SAFE_v2,0.017238295570647266,6.931741841156742e-05,0.021694012060019634,0.07850063104753897
2026-04-08 20:00,2026-04-08T23:59:59Z,BTCUSDT,4h,LR,0.5,0.5,False,True,200,71336.87,0.5429187981300402,1,1,14,1210.941428571428,69520.45785714286,1816.412142857138,0.5,73153.28214285713,74969.69428571427,2.5,68309.51642857143,0.00550535848338386,66.19185414706253,-31.196769662273883,271,SAFE_v2,0.016979349932463902,0.0011840829132474064,0.02157252930797185,0.07861020032956396
2026-04-09 00:00,2026-04-09T03:59:59Z,BTCUSDT,4h,LR,0.5,0.5,False,True,200,71065.81,0.5186263916080919,1,1,14,1213.5642857142852,69245.46357142857,1820.346428571429,0.5,72886.15642857143,74706.50285714286,2.5,68031.89928571429,0.005493459839865644,66.13486448369785,-31.196769662273958,270,SAFE_v2,0.017075636428997263,0.00028053095203102,0.02514523371558136,0.0753878609420327
2026-04-09 04:00,2026-04-09T07:59:59Z,BTCUSDT,4h,LR,0.5,0.5,False,True,200,70990.37,0.5241880507985175,1,1,14,1189.518571428571,69206.09214285715,1784.2778571428498,0.5,72774.64785714285,74558.9257142857,2.5,68016.57357142857,0.005604508266449555,62.05674110186583,-30.939616226525747,272,SAFE_v2,0.01675557861101128,2.628753560596758e-05,0.026264927832405707,0.07437797206151257
2026-04-09 08:00,2026-04-09T11:59:59Z,BTCUSDT,4h,LR,0.5,0.5,False,True,200,70982.01,0.5241568645643969,1,1,14,1100.414285714285,69331.38857142857,1650.6214285714232,0.5,72632.63142857142,74283.25285714284,2.5,68230.97428571428,0.006058324354031186,64.95484918355614,-30.93961622652569,272,SAFE_v2,0.015502720840312708,2.8210431452746844e-05,0.02641500290003066,0.07424261443145946
2026-04-09 12:00,2026-04-09T15:59:59Z,BTCUSDT,4h,LR,0.5,0.5,False,True,200,71150.17,0.518138977820679,1,1,14,1090.037142857142,69515.11428571428,1635.0557142857142,0.5,72785.22571428571,74420.28142857143,2.5,68425.07714285715,0.006115999542173749,65.95311922902896,-30.823096139192387,270,SAFE_v2,0.015320232444379852,2.755108140215855e-05,0.023989120475748714,0.0764305974251362
2026-04-09 16:00,2026-04-09T19:59:59Z,BTCUSDT,4h,LR,0.5,0.5,False,True,200,72181.99,0.5399157589429607,1,1,14,1182.6371428571417,70408.0342857143,1773.9557142857084,0.5,73955.94571428571,75729.90142857142,2.5,69225.39714285715,0.005637119303187649,67.32747851978849,-30.285074784158937,270,SAFE_v2,0.016393187141873152,0.0018842154461502182,0.009911148833016593,0.08912798219178608
2026-04-09 20:00,2026-04-09T23:59:59Z,BTCUSDT,4h,LR,0.5,0.5,False,True,200,72111.36,0.5077115760215829,1,1,14,1157.2371428571423,70375.50428571428,1735.855714285717,0.5,73847.21571428572,75583.07142857143,2.5,69218.26714285715,0.005760847470041526,63.24715813616051,-30.285074784158937,270,SAFE_v2,0.01605126506952286,0.0014392331665921423,0.010550885260162972,0.08855098290731082
2026-04-10 00:00,2026-04-10T03:59:59Z,BTCUSDT,4h,LR,0.5,0.5,False,True,200,71793.83,0.497839789520503,0,0,14,1204.2292857142852,,,0.5,,,2.5,,,61.839469783691904,-31.38230369067384,271,SAFE_v2,0.016774806220516962,3.2824734127361254e-05,0.018903306501075304,0.0846360469588429
2026-04-10 04:00,2026-04-10T07:59:59Z,BTCUSDT,4h,LR,0.5,0.5,False,True,200,71868.66,0.5069930127868133,1,1,14,1189.959285714284,70083.72107142858,1784.9389285714278,0.5,73653.59892857143,75438.53785714286,2.5,68893.76178571429,0.005602432576224599,63.26048879026152,-31.38230369067382,270,SAFE_v2,0.016557413483709718,4.679702038841442e-05,0.01775919882752807,0.08566389220782857
2026-04-10 08:00,2026-04-10T11:59:59Z,BTCUSDT,4h,LR,0.5,0.5,False,True,200,71493.55,0.49597826617180285,0,0,14,982.114999999998,,,0.5,,,2.5,,,63.26048879026152,-31.38230369067382,270,SAFE_v2,0.013739361810025871,0.0008587014768957074,0.0232667453346548,0.08071601392521333
2026-04-10 12:00,2026-04-10T15:59:59Z,BTCUSDT,4h,LR,0.5,0.5,False,True,200,72127.62,0.5368644716432288,1,1,14,979.6949999999987,70658.0775,1469.542499999996,0.5,73597.16249999999,75066.70499999999,2.5,69678.38249999999,0.006804838920956711,63.26048879026152,-31.38230369067382,270,SAFE_v2,0.01358280513739609,0.000601910439347233,0.01410569797216299,0.0889461300453821
2026-04-10 16:00,2026-04-10T19:59:59Z,BTCUSDT,4h,LR,0.5,0.5,False,True,200,72477.67,0.5271114438277464,1,1,14,1032.2957142857142,70929.22642857143,1548.4435714285646,0.5,74026.11357142856,75574.55714285713,2.5,69896.93071428571,0.006458097785748944,70.26092261743658,-31.727700002250803,270,SAFE_v2,0.014246321400245655,0.0004233545596921988,0.011446924676627472,0.09313196939960815
2026-04-10 20:00,2026-04-10T23:59:59Z,BTCUSDT,4h,LR,0.5,0.5,False,True,200,73209.16,0.5257093709242874,1,1,14,1055.875714285714,71625.34642857143,1583.8135714285745,0.5,74792.97357142858,76376.78714285715,2.5,70569.47071428572,0.006313874423351582,68.9555384681847,-32.13744789227986,270,SAFE_v2,0.014417419416264926,0.0021200739959300746,0.0007352930132417713,0.10273606831384142
2026-04-11 00:00,2026-04-11T03:59:59Z,BTCUSDT,4h,LR,0.5,0.5,False,True,200,72962.71,0.5033450508728521,1,1,14,954.7064285714275,71530.65035714286,1432.0596428571444,0.5,74394.76964285715,75826.8292857143,2.5,70575.94392857143,0.006982949383343214,71.50220918402476,-33.11655606850675,269,SAFE_v2,0.013084856078125227,2.8983366301116596e-05,0.0064594649046705085,0.09156322340044978
2026-04-11 04:00,2026-04-11T07:59:59Z,BTCUSDT,4h,LR,0.5,0.5,False,True,200,72866.63,0.49677921471072845,0,0,14,917.5599999999987,,,0.5,,,2.5,,,70.98810456022872,-32.817752046703475,267,SAFE_v2,0.012592321066584233,3.222327662910421e-05,0.00778641745885593,0.0903655075032289
2026-04-11 08:00,2026-04-11T11:59:59Z,BTCUSDT,4h,LR,0.5,0.5,False,True,200,72749.99,0.5070030696307011,1,1,14,881.5607142857126,71427.64892857143,1322.341071428571,0.5,74072.33107142858,75394.67214285715,2.5,70546.08821428573,0.007562345461444869,70.2480473390438,-33.10852495082535,267,SAFE_v2,0.012118442632174202,4.464562165762414e-05,0.009466168160782105,0.08884935373215459
2026-04-11 12:00,2026-04-11T15:59:59Z,BTCUSDT,4h,LR,0.5,0.5,False,True,200,72907.04,0.5184728829969636,1,1,14,850.5178571428551,71631.26321428572,1275.7767857142753,0.5,74182.81678571427,75458.59357142854,2.5,70780.74535714285,0.007838361782387546,72.29581101789167,-33.1085249508252,266,SAFE_v2,0.011665783448141915,3.3954840777185e-05,0.0072276960870038915,0.08902252937130235
2026-04-11 16:00,2026-04-11T19:59:59Z,BTCUSDT,4h,LR,0.5,0.5,False,True,200,72858.17,0.5269416559972352,1,1,14,853.567142857141,71577.81928571429,1280.3507142857125,0.5,74138.52071428571,75418.87142857142,2.5,70724.25214285715,0.007810359996228723,61.72776063033951,-33.2315602988684,270,SAFE_v2,0.01171546228593363,3.359993232348335e-05,0.00790343759663469,0.08715659479232038
2026-04-11 20:00,2026-04-11T23:59:59Z,BTCUSDT,4h,LR,0.5,0.5,False,True,200,73689.96,0.5431253284361044,1,1,14,872.6728571428549,72380.95071428572,1309.0092857142881,0.5,74998.9692857143,76307.97857142858,2.5,71508.27785714286,0.007639365212404351,60.7571238028181,-33.632282514012346,270,SAFE_v2,0.011842944898029778,0.0004462812133659395,0.0013957657474879383,0.09742607768111522
2026-04-12 00:00,2026-04-12T03:59:59Z,BTCUSDT,4h,LR,0.5,0.5,False,True,200,73043.17,0.5017002228043077,1,1,14,797.4828571428558,71846.94571428571,1196.2242857142846,0.5,74239.39428571428,75435.61857142857,2.5,71049.46285714286,0.008359636331934893,60.7571238028181,-33.632282514012346,270,SAFE_v2,0.010917967639171905,5.57402110183227e-05,0.01022463978831141,0.08805068126844456
2026-04-12 04:00,2026-04-12T07:59:59Z,BTCUSDT,4h,LR,0.5,0.5,False,True,200,71589.27,0.466925765939125,0,0,14,869.4042857142849,,,0.5,,,2.5,,,60.336651014506074,-33.632282514012346,272,SAFE_v2,0.012143672962669843,0.00012995323362631234,0.030684622378189846,0.06958105931583715
2026-04-12 08:00,2026-04-12T11:59:59Z,BTCUSDT,4h,LR,0.5,0.5,False,True,200,71693.41,0.5027314669830918,1,1,14,783.9778571428562,70517.44321428573,1175.9667857142776,0.5,72869.37678571428,74045.34357142856,2.5,69733.46535714286,0.008503641532635667,60.336651014506074,-33.632282514012346,272,SAFE_v2,0.010939480320140324,0.0024322516425372815,0.029651852368659738,0.07051336077583195
2026-04-12 12:00,2026-04-12T15:59:59Z,BTCUSDT,4h,LR,0.5,0.5,False,True,200,71450.01,0.49110495841766055,0,0,14,757.8664285714289,,,0.5,,,2.5,,,63.65288908751725,-33.6322825140124,272,SAFE_v2,0.010604194832152448,0.005741817677378175,0.03248211975757165,0.06795842367027174
2026-04-12 16:00,2026-04-12T19:59:59Z,BTCUSDT,4h,LR,0.5,0.5,False,True,200,70880.51,0.4947052289162372,0,0,14,761.8692857142856,,,0.5,,,2.5,,,62.50703584280124,-33.6322825140122,272,SAFE_v2,0.010746896170335165,0.002164096653297196,0.040878643198678344,0.06037871958244101
2026-04-12 20:00,2026-04-12T23:59:59Z,BTCUSDT,4h,LR,0.5,0.5,False,True,200,71081.2,0.5012972485807441,1,1,14,730.8514285714284,69984.92285714285,1096.2771428571432,0.5,72177.47714285714,73273.75428571428,2.5,69254.07142857142,0.009121780988644683,66.22004582580101,-32.149834853798474,271,SAFE_v2,0.01028149200808715,0.001322554362543667,0.03806500968288594,0.06291864096905936
2026-04-13 00:00,2026-04-13T03:59:59Z,BTCUSDT,4h,LR,0.5,0.5,False,True,200,70749.84,0.46251595365598297,0,0,14,699.1135714285701,,,0.5,,,2.5,,,60.84014207445247,-33.63228251401239,273,SAFE_v2,0.009882723867107441,5.583583543170205e-05,0.04310118406615238,0.05837238896040163
2026-04-13 04:00,2026-04-13T07:59:59Z,BTCUSDT,4h,LR,0.5,0.5,False,True,200,70976.0,0.48033058842466625,0,0,14,683.3371428571419,,,0.5,,,2.5,,,65.82866647868929,-32.14983485379859,270,SAFE_v2,0.009627721241787955,7.462171034194469e-05,0.03964720468890893,0.06149036293958516
2026-04-13 08:00,2026-04-13T11:59:59Z,BTCUSDT,4h,LR,0.5,0.5,False,True,200,70813.88,0.46855703541610805,0,0,14,664.6142857142851,,,0.5,,,2.5,,,65.82866647868929,-32.14983485379859,270,SAFE_v2,0.009385367469121662,0.00010980090745235757,0.04202735395942145,0.059341756164187034
2026-04-13 12:00,2026-04-13T15:59:59Z,BTCUSDT,4h,LR,0.5,0.5,False,True,200,70917.82,0.46517261220049183,0,0,14,664.9885714285701,,,0.5,,,2.5,,,65.91162228983434,-32.149834853798524,270,SAFE_v2,0.009375321747237125,0.0005438460927379542,0.04032613709803861,0.06087747752421821
2026-04-13 16:00,2026-04-13T19:59:59Z,BTCUSDT,4h,LR,0.5,0.5,False,True,200,71860.47,0.4914538645734687,0,0,14,762.3928571428561,,,0.5,,,2.5,,,61.13320293530351,-34.20015775366255,271,SAFE_v2,0.010608446249402624,0.00024159554810382832,0.026763618532617224,0.0721617652931632
2026-04-13 20:00,2026-04-13T23:59:59Z,BTCUSDT,4h,LR,0.5,0.5,False,True,200,73330.17,0.5019228169587321,1,1,14,869.6785714285704,72025.65214285714,1304.517857142855,0.5,74634.68785714285,75939.20571428571,2.5,71155.97357142858,0.007665667392167343,61.13320293530351,-34.20015775366255,271,SAFE_v2,0.011860953676202993,0.0007602026653300653,0.006371549812186615,0.09058912354980345
2026-04-14 00:00,2026-04-14T03:59:59Z,BTCUSDT,4h,LR,0.5,0.5,False,True,200,74418.0,0.49907587305300416,0,0,14,971.364999999999,,,0.5,,,2.5,,,57.92227270170041,-33.913027801427596,271,SAFE_v2,0.013052824995676435,4.065295930243588e-05,0.006477062871491084,0.09734998217500918
2026-04-14 04:00,2026-04-14T07:59:59Z,BTCUSDT,4h,LR,0.5,0.5,False,True,200,74444.44,0.4688614924664559,0,0,14,946.1792857142854,,,0.5,,,2.5,,,56.955334848691905,-35.24919519500212,272,SAFE_v2,0.012709873468227044,7.324882127464835e-05,0.006119598202310193,0.09553125734188563
2026-04-14 08:00,2026-04-14T11:59:59Z,BTCUSDT,4h,LR,0.5,0.5,False,True,200,74550.0,0.4676926759689423,0,0,14,945.5699999999987,,,0.5,,,2.5,,,54.495630461093626,-35.09155465907837,274,SAFE_v2,0.012684382797199027,0.00017055235363932708,0.005079279907707984,0.0914065140986774
2026-04-14 12:00,2026-04-14T15:59:59Z,BTCUSDT,4h,LR,0.5,0.5,False,True,200,74361.27,0.4793378370886204,0,0,14,858.0992857142836,,,0.5,,,2.5,,,55.1628326895067,-35.0915546590786,274,SAFE_v2,0.011537233601602812,0.00021528900481071603,0.007369530061368767,0.08933612381972172
2026-04-14 16:00,2026-04-14T19:59:59Z,BTCUSDT,4h,LR,0.5,0.5,False,True,200,75318.56,0.5311741694196922,1,1,14,957.8871428571407,73881.72928571429,1436.8307142857084,0.5,76755.3907142857,78192.22142857141,2.5,72923.84214285715,0.006959762135215281,57.65448406839584,-35.09155465907836,273,SAFE_v2,0.012718061693811783,0.0005971102591786468,0.009571933693118876,0.10070837859199795
2026-04-14 20:00,2026-04-14T23:59:59Z,BTCUSDT,4h,LR,0.5,0.5,False,True,200,74223.24,0.507148526645701,1,1,14,1061.0614285714255,72631.64785714287,1591.592142857131,0.5,75814.83214285714,77406.42428571427,2.5,71570.58642857143,0.006283016691731463,58.407121701452944,-35.28157059740455,273,SAFE_v2,0.014295553337534522,0.0007395226313944961,0.02445085214618947,0.08745475470062046
2026-04-15 00:00,2026-04-15T03:59:59Z,BTCUSDT,4h,LR,0.5,0.5,False,True,200,74128.01,0.5256751534325285,1,1,14,1041.9407142857121,72565.09892857143,1562.9110714285634,0.5,75690.92107142856,77253.83214285712,2.5,71523.15821428571,0.006398316694282292,68.57579116464936,-31.376947448842262,270,SAFE_v2,0.014055293789023865,0.0006747335727026378,0.025717120443319978,0.08632680687237766
2026-04-15 04:00,2026-04-15T07:59:59Z,BTCUSDT,4h,LR,0.5,0.5,False,True,200,74345.97,0.5328574397313699,1,1,14,1060.431428571426,72755.32285714286,1590.6471428571385,0.5,75936.61714285714,77527.26428571428,2.5,71694.89142857144,0.006286749418251169,69.38104543512024,-31.492534640955228,271,SAFE_v2,0.014263468868203967,0.0006659778820149495,0.02275886641871777,0.08896191683288289
2026-04-15 08:00,2026-04-15T11:59:59Z,BTCUSDT,4h,LR,0.5,0.5,False,True,200,73729.0,0.5111489931518295,1,1,14,1058.6021428571403,72141.0967857143,1587.9032142857031,0.5,75316.9032142857,76904.8064285714,2.5,71082.49464285714,0.006297613047214824,67.07489653930358,-31.492534640955082,271,SAFE_v2,0.014357737271532804,0.0008955551461766061,0.031297389693780535,0.08135609679748237
2026-04-15 12:00,2026-04-15T15:59:59Z,BTCUSDT,4h,LR,0.5,0.5,False,True,200,74210.0,0.5514245003889143,1,1,14,1053.173571428569,72630.23964285715,1579.760357142848,0.5,75789.76035714285,77369.5207142857,2.5,71577.06607142858,0.006330074023433518,67.07489653930358,-31.492534640955082,271,SAFE_v2,0.014193373412720948,4.3296732628417236e-05,0.024746306624989337,0.08719157411048635
2026-04-15 16:00,2026-04-15T19:59:59Z,BTCUSDT,4h,LR,0.5,0.5,False,True,200,73832.82,0.5097387118901411,1,1,14,1085.652857142854,72204.34071428573,1628.4792857142747,0.5,75461.29928571428,77089.77857142856,2.5,71118.68785714287,0.006140698311439592,67.15847577719194,-31.49253464095527,271,SAFE_v2,0.014701961987241954,0.00011969376312211187,0.029710167693876046,0.08276993903912144
2026-04-15 20:00,2026-04-15T23:59:59Z,BTCUSDT,4h,LR,0.5,0.5,False,True,200,75017.65,0.5364268657155374,1,1,14,1163.3657142857119,73272.60142857142,1745.048571428575,0.5,76762.69857142857,78507.74714285714,2.5,72109.23571428572,0.005730499519456671,67.41753063452056,-31.492534640954993,271,SAFE_v2,0.01551100514229789,0.001327794430571791,0.013804854765034734,0.09693783948823122
2026-04-16 00:00,2026-04-16T03:59:59Z,BTCUSDT,4h,LR,0.5,0.5,False,True,200,74820.01,0.5098856203731607,1,1,14,1106.7342857142835,73159.90857142858,1660.101428571419,0.5,76480.11142857141,78140.21285714283,2.5,72053.17428571428,0.006023728326410383,64.57475884438473,-31.977909736175302,270,SAFE_v2,0.014793937089341723,0.001101015948349363,0.016415053657940534,0.08989414381688876
2026-04-16 04:00,2026-04-16T07:59:59Z,BTCUSDT,4h,LR,0.5,0.5,False,True,200,74881.32,0.4991256804005959,0,0,14,1036.459999999998,,,0.5,,,2.5,,,64.57475884438473,-31.977909736175302,270,SAFE_v2,0.013840095790779322,0.00031878857711658995,0.01535341811481398,0.07847590428453308
2026-04-16 08:00,2026-04-16T11:59:59Z,BTCUSDT,4h,LR,0.5,0.5,False,True,200,74692.04,0.5002199041716523,1,1,14,939.7071428571414,73282.47928571427,1409.5607142857189,0.5,76101.60071428571,77511.16142857143,2.5,72342.77214285714,0.007094408845714321,65.77349739836326,-31.977909736175413,270,SAFE_v2,0.012578563795899013,0.00011521483089678306,0.0178158601673765,0.05676882081913843
2026-04-16 12:00,2026-04-16T15:59:59Z,BTCUSDT,4h,LR,0.5,0.5,False,True,200,74574.8,0.49121644503150164,0,0,14,939.6857142857126,,,0.5,,,2.5,,,66.05319382255024,-31.863141478817624,269,SAFE_v2,0.012600581433561029,5.444975944910352e-05,0.01962070560305978,0.05509623292268063
2026-04-16 16:00,2026-04-16T19:59:59Z,BTCUSDT,4h,LR,0.5,0.5,False,True,200,74726.02,0.5176338866726227,1,1,14,1007.2928571428555,73215.08071428572,1510.9392857142811,0.5,76236.95928571429,77747.89857142857,2.5,72207.78785714286,0.006618399623696727,69.61390795037484,-31.863141478817536,268,SAFE_v2,0.013485016734134918,0.0008128048102328011,0.017949938946833176,0.05664456721865979
2026-04-16 20:00,2026-04-16T23:59:59Z,BTCUSDT,4h,LR,0.5,0.5,False,True,200,75349.99,0.5271814715574578,1,1,14,1071.2807142857139,73743.06892857143,1606.9210714285728,0.5,76956.91107142858,78563.83214285715,2.5,72671.78821428573,0.006223081007401239,69.46501269422146,-31.567198569334387,270,SAFE_v2,0.014218717816822955,2.9892077494441644e-05,0.00922461399527673,0.06473050777517596
2026-04-17 00:00,2026-04-17T03:59:59Z,BTCUSDT,4h,LR,0.5,0.5,False,True,200,75140.43,0.5086813829327422,1,1,14,998.7414285714278,73642.31785714286,1498.112142857135,0.5,76638.54214285713,78136.65428571426,2.5,72643.57642857142,0.006675067716178063,55.30334928352079,-35.551430713065,273,SAFE_v2,0.01328921381030182,0.00018651862046110054,0.011758610187123137,0.06238220067011469
2026-04-17 04:00,2026-04-17T07:59:59Z,BTCUSDT,4h,LR,0.5,0.5,False,True,200,74615.82,0.48584865287371554,0,0,14,908.2300000000001,,,0.5,,,2.5,,,50.604817368109956,-35.55143071306498,274,SAFE_v2,0.012172083614439942,2.189094263434402e-06,0.019060033113621117,0.055615819808721614
2026-04-17 08:00,2026-04-17T11:59:59Z,BTCUSDT,4h,LR,0.5,0.5,False,True,200,75082.5,0.5125305839770886,1,1,14,901.5264285714283,73730.21035714286,1352.2896428571403,0.5,76434.78964285714,77787.07928571428,2.5,72828.68392857142,0.00739486548079436,49.48908245763655,-35.55143071306502,274,SAFE_v2,0.012008380825827747,0.0004591465455326932,0.01283027573710843,0.061389065860608084
2026-04-17 12:00,2026-04-17T15:59:59Z,BTCUSDT,4h,LR,0.5,0.5,False,True,200,75608.67,0.5231830535888004,1,1,14,952.7128571428568,74179.60071428571,1429.0692857142858,0.5,77037.73928571428,78466.80857142857,2.5,73226.88785714285,0.00699756134986957,47.934055159998714,-35.551430713065,274,SAFE_v2,0.012603739095972823,0.00014401434552428606,0.010326142318331769,0.06725545940782927
2026-04-17 16:00,2026-04-17T19:59:59Z,BTCUSDT,4h,LR,0.5,0.5,False,True,200,77785.01,0.5692793876816511,1,1,14,1066.999285714286,76184.51107142857,1600.4989285714255,0.5,79385.50892857142,80986.00785714285,2.5,75117.51178571428,0.006248051667816989,51.288710716775924,-35.08741646903959,275,SAFE_v2,0.01371728496970607,1.336090848990589e-05,0.003438579819096288,0.09358022920094382
2026-04-17 20:00,2026-04-17T23:59:59Z,BTCUSDT,4h,LR,0.5,0.5,False,True,200,77407.12,0.5000495222547372,1,1,14,1120.750714285715,75725.99392857142,1681.1260714285745,0.5,79088.24607142857,80769.37214285714,2.5,74605.24321428571,0.005948393859303054,56.223156327212024,-33.31780724492634,273,SAFE_v2,0.014481184541220538,0.0008608795263029306,0.012138216115600264,0.0889957539113709
2026-04-18 00:00,2026-04-18T03:59:59Z,BTCUSDT,4h,LR,0.5,0.5,False,True,200,77069.6,0.4841227572751969,0,0,14,1104.6571428571438,,,0.5,,,2.5,,,55.73687101805995,-35.65901573712979,272,SAFE_v2,0.014332794566861425,0.00012981775555875112,0.01636132447581482,0.08519462320946641
2026-04-18 04:00,2026-04-18T07:59:59Z,BTCUSDT,4h,LR,0.5,0.5,False,True,200,77005.47,0.49356353771000283,0,0,14,1028.8928571428582,,,0.5,,,2.5,,,54.878014940943956,-35.65901573712992,273,SAFE_v2,0.013361295725392732,3.376427895090876e-05,0.01723942467983117,0.0844042637490557
2026-04-18 08:00,2026-04-18T11:59:59Z,BTCUSDT,4h,LR,0.5,0.5,False,True,200,76997.79,0.5012345233262094,1,1,14,991.8600000000006,75510.0,1487.7899999999936,0.5,78485.57999999999,79973.36999999998,2.5,74518.13999999998,0.006721378689196757,52.04917666098494,-35.95493330827784,272,SAFE_v2,0.012881666748920106,4.912562042143106e-06,0.017340755190407998,0.08431305829517205
2026-04-18 12:00,2026-04-18T15:59:59Z,BTCUSDT,4h,LR,0.5,0.5,False,True,200,76039.05,0.5198162453085909,1,1,14,1025.2800000000009,74501.13,1537.9199999999983,0.5,77576.97,79114.89,2.5,73475.85,0.0065022888056596,56.465077220285956,-35.95493330827784,272,SAFE_v2,0.01348359823011993,3.991353149051908e-05,0.030168051810221155,0.07276747934120689
2026-04-18 16:00,2026-04-18T19:59:59Z,BTCUSDT,4h,LR,0.5,0.5,False,True,200,76167.33,0.5315062940172306,1,1,14,1027.2685714285722,74626.42714285714,1540.9028571428644,0.5,77708.23285714287,79249.13571428573,2.5,73599.15857142858,0.006489701770390613,58.113882007237414,-35.0527886593426,268,SAFE_v2,0.01348699549476944,1.5484742704862847e-05,0.028432921512028694,0.07432923350086786
2026-04-18 20:00,2026-04-18T23:59:59Z,BTCUSDT,4h,LR,0.5,0.5,False,True,200,75655.57,0.5082512841228145,1,1,14,1037.4292857142864,74099.42607142858,1556.1439285714296,0.5,77211.71392857144,78767.85785714287,2.5,73061.99678571429,0.006426140806384275,54.941213435074985,-35.679390966594916,270,SAFE_v2,0.01371356698941619,0.00017517430810191968,0.035468014807696166,0.06799709450844914
2026-04-19 00:00,2026-04-19T03:59:59Z,BTCUSDT,4h,LR,0.5,0.5,False,True,200,75691.76,0.516408524977653,1,1,14,935.3907142857154,74288.67392857143,1403.0860714285664,0.5,77094.84607142856,78497.93214285713,2.5,73353.28321428571,0.0071271465119872495,52.861686812755934,-35.9549333082779,273,SAFE_v2,0.01235789357105338,4.1730542207967234e-05,0.03489468338429448,0.06851313802189288
2026-04-19 04:00,2026-04-19T07:59:59Z,BTCUSDT,4h,LR,0.5,0.5,False,True,200,75515.77,0.5099770974957247,1,1,14,863.3864285714288,74220.69035714286,1295.0796428571484,0.5,76810.84964285715,78105.9292857143,2.5,73357.30392857143,0.007721532845608193,59.28672955099916,-35.764891511583194,269,SAFE_v2,0.011433193736506014,1.079387546720453e-05,0.03730651226889424,0.06634230174703905
2026-04-19 08:00,2026-04-19T11:59:59Z,BTCUSDT,4h,LR,0.5,0.5,False,True,200,75239.25,0.49115996535543016,0,0,14,875.5042857142865,,,0.5,,,2.5,,,53.84222781689694,-35.954933308277745,272,SAFE_v2,0.01163424666547627,0.0008039781881518785,0.040937730308452915,0.06307391903029184
2026-04-19 12:00,2026-04-19T15:59:59Z,BTCUSDT,4h,LR,0.5,0.5,False,True,200,75614.15,0.508045119124603,1,1,14,882.2814285714287,74290.72785714285,1323.4221428571473,0.5,76937.57214285714,78260.99428571429,2.5,73408.44642857142,0.007556167964978216,54.29872595004079,-35.76489151158301,271,SAFE_v2,0.01166975483966981,0.0002160309859967969,0.03609446629290391,0.0674332387485283
2026-04-19 16:00,2026-04-19T19:59:59Z,BTCUSDT,4h,LR,0.5,0.5,False,True,200,75846.63,0.49545322524524094,0,0,14,904.0550000000003,,,0.5,,,2.5,,,55.011656805966666,-35.468095860205,271,SAFE_v2,0.01191951442008696,1.1418435229754341e-05,0.03278154876492199,0.07041512589287091
2026-04-19 20:00,2026-04-19T23:59:59Z,BTCUSDT,4h,LR,0.5,0.5,False,True,200,74965.46,0.4685938778414569,0,0,14,894.644285714286,,,0.5,,,2.5,,,57.76126930094521,-34.83943514580838,268,SAFE_v2,0.01193408492889174,9.89395820146164e-05,0.04492108166599901,0.05948858854616661
2026-04-20 00:00,2026-04-20T03:59:59Z,BTCUSDT,4h,LR,0.5,0.5,False,True,200,73803.17,0.45237672903832093,0,0,14,800.5050000000005,,,0.5,,,2.5,,,57.097000118412296,-34.83943514580838,268,SAFE_v2,0.010846688135883974,2.919406011405974e-06,0.06139702031617399,0.044658943909083905
2026-04-20 04:00,2026-04-20T07:59:59Z,BTCUSDT,4h,LR,0.5,0.5,False,True,200,74637.42,0.4935875589391029,0,0,14,778.3350000000002,,,0.5,,,2.5,,,57.097000118412296,-34.83943514580838,268,SAFE_v2,0.010428692017043172,0.0004623533578900027,0.0495618618860037,0.05531152021866703
2026-04-20 08:00,2026-04-20T11:59:59Z,BTCUSDT,4h,LR,0.5,0.5,False,True,200,74836.35,0.4889875663717403,0,0,14,833.7735714285726,,,0.5,,,2.5,,,56.26645816222011,-35.54831027201226,267,SAFE_v2,0.011141169173401034,0.0007424068294553956,0.04671248258051449,0.057876186392403585
2026-04-20 12:00,2026-04-20T15:59:59Z,BTCUSDT,4h,LR,0.5,0.5,False,True,200,75192.72,0.4979707823185526,0,0,14,857.1885714285725,,,0.5,,,2.5,,,55.8024795404624,-35.73967703441053,267,SAFE_v2,0.011399889316777816,2.2489699177721268e-05,0.04176322412106165,0.06233090947247415
2026-04-20 16:00,2026-04-20T19:59:59Z,BTCUSDT,4h,LR,0.5,0.5,False,True,200,75710.71,0.484875050557566,0,0,14,905.49142857143,,,0.5,,,2.5,,,56.00025059041891,-35.73967703441052,267,SAFE_v2,0.011958928366482484,0.0005204306058537356,0.03455284740751614,0.06882081736978478
2026-04-20 20:00,2026-04-20T23:59:59Z,BTCUSDT,4h,LR,0.5,0.5,False,True,200,76266.0,0.46366320655119864,0,0,14,899.2421428571439,,,0.5,,,2.5,,,59.01495288457461,-35.24028498580726,266,SAFE_v2,0.011786080898336498,0.0007623631290331686,0.026685729025114412,0.0759018445820122
2026-04-21 00:00,2026-04-21T03:59:59Z,BTCUSDT,4h,LR,0.5,0.5,False,True,200,75838.9,0.46042338091508694,0,0,14,926.0135714285716,,,0.5,,,2.5,,,60.128815316259065,-35.083397158495075,264,SAFE_v2,0.012209938393833459,0.0008986543862138263,0.03285862509406194,0.07034575111578868
2026-04-21 04:00,2026-04-21T07:59:59Z,BTCUSDT,4h,LR,0.5,0.5,False,True,200,75722.52,0.4730797219103051,0,0,14,927.6007142857135,,,0.5,,,2.5,,,61.80393179803718,-34.996989506163864,265,SAFE_v2,0.012251975151144737,0.0024803559795949608,0.0346412575303492,0.06874124128421097
2026-04-21 08:00,2026-04-21T11:59:59Z,BTCUSDT,4h,LR,0.5,0.5,False,True,200,76085.98,0.4959170299352499,0,0,14,956.7435714285706,,,0.5,,,2.5,,,59.59567566170343,-35.29595187366588,264,SAFE_v2,0.012574776510232862,0.0025411479591178525,0.029554833491359768,0.07251623658692434
2026-04-21 12:00,2026-04-21T15:59:59Z,BTCUSDT,4h,LR,0.5,0.5,False,True,200,76454.17,0.5130888266969023,1,1,14,983.3985714285716,74979.07214285714,1475.0978571428568,0.5,77929.26785714286,79404.36571428571,2.5,73995.67357142858,0.006779211258139292,59.29314591718011,-35.418604940975676,263,SAFE_v2,0.012862796007956942,0.00012438497781252597,0.02459107524184155,0.0769878830035836
2026-04-21 16:00,2026-04-21T19:59:59Z,BTCUSDT,4h,LR,0.5,0.5,False,True,200,75864.36,0.5023571577972723,1,1,14,1001.2392857142861,74362.50107142857,1501.858928571426,0.5,77366.21892857143,78868.07785714285,2.5,73361.26178571429,0.006658414988092149,61.50266379025251,-35.41860494097566,263,SAFE_v2,0.013202926178393203,0.0012295016734203382,0.032944702718348484,0.06946244230045223
2026-04-21 20:00,2026-04-21T23:59:59Z,BTCUSDT,4h,LR,0.5,0.5,False,True,200,74994.05,0.47671291122043696,0,0,14,1047.5892857142858,,,0.5,,,2.5,,,61.25614238543682,-34.998715185593944,264,SAFE_v2,0.013963494947035691,0.0023441844206292793,0.04411381884299355,0.056847974026247444
2026-04-22 00:00,2026-04-22T03:59:59Z,BTCUSDT,4h,LR,0.5,0.5,False,True,200,76336.15,0.5351903837630883,1,1,14,1091.7728571428565,74698.49071428571,1637.6592857142823,0.5,77973.80928571428,79611.46857142856,2.5,73606.71785714285,0.006106276248809834,66.8177375527554,-35.291706200540354,261,SAFE_v2,0.014302173441323103,0.0001205288033384663,0.026158641744442258,0.0609979675422456
2026-04-22 04:00,2026-04-22T07:59:59Z,BTCUSDT,4h,LR,0.5,0.5,False,True,200,77579.33,0.5465325168565637,1,1,14,1117.1228571428571,75903.64571428571,1675.684285714291,0.5,79255.0142857143,80930.69857142858,2.5,74786.52285714286,0.005967711271898285,63.81525076184711,-35.4003184511549,263,SAFE_v2,0.014410494448027271,0.00983985682991427,0.010468324392155622,0.05823418231953253
2026-04-22 08:00,2026-04-22T11:59:59Z,BTCUSDT,4h,LR,0.5,0.5,False,True,200,78012.78,0.5331485651304175,1,1,14,1108.934285714285,76349.37857142858,1663.401428571422,0.5,79676.18142857142,81339.58285714284,2.5,75240.44428571429,0.006011777931793826,63.21404488995701,-35.52062477350405,263,SAFE_v2,0.014214775368427215,6.476546171102796e-06,0.005632281578443732,0.06028421749818188
2026-04-22 12:00,2026-04-22T15:59:59Z,BTCUSDT,4h,LR,0.5,0.5,False,True,200,78310.41,0.5097890697696813,1,1,14,1068.5621428571426,76707.56678571428,1602.84321428572,0.5,79913.25321428572,81516.09642857144,2.5,75639.00464285715,0.006238913395192137,63.84368756332896,-35.271878005281145,263,SAFE_v2,0.013647026090129535,0.0008248593479770446,0.0019435504469986337,0.06373116219667936
2026-04-22 16:00,2026-04-22T19:59:59Z,BTCUSDT,4h,LR,0.5,0.5,False,True,200,79308.42,0.499199277125294,0,0,14,1054.9292857142852,,,0.5,,,2.5,,,63.8598514241812,-35.82160236067852,270,SAFE_v2,0.013307565204682625,0.004924420378050791,0.0016033221945962093,0.07522179710846946
2026-04-22 20:00,2026-04-22T23:59:59Z,BTCUSDT,4h,LR,0.5,0.5,False,True,200,78885.59,0.4922358111410944,0,0,14,1058.874285714286,,,0.5,,,2.5,,,62.835061114242464,-35.80988572977323,270,SAFE_v2,0.013429545689013507,0.0011188419749792813,0.0079420018258235,0.07022203361412309
2026-04-23 00:00,2026-04-23T03:59:59Z,BTCUSDT,4h,LR,0.5,0.5,False,True,200,78200.65,0.5059470878082545,1,1,14,1036.6807142857142,76645.62892857142,1555.0210714285786,0.5,79755.67107142857,81310.69214285715,2.5,75608.94821428572,0.006430781025245609,59.90706945922577,-36.06718776601717,272,SAFE_v2,0.013260478195601439,0.0045359866103748085,0.016559469304946034,0.06227283477766113
2026-04-23 04:00,2026-04-23T07:59:59Z,BTCUSDT,4h,LR,0.5,0.5,False,True,200,77727.51,0.5148980268401059,1,1,14,1031.2707142857148,76180.60392857142,1546.9060714285733,0.5,79274.41607142857,80821.32214285714,2.5,75149.33321428571,0.006464516614615756,64.32797664094166,-35.70926309110551,271,SAFE_v2,0.013264535958109407,0.00014006603339078677,0.022204998143966946,0.05706510624406565
2026-04-23 08:00,2026-04-23T11:59:59Z,BTCUSDT,4h,LR,0.5,0.5,False,True,200,78048.61,0.5322070585384221,1,1,14,1011.4514285714301,76531.43285714285,1517.177142857152,0.5,79565.78714285715,81082.9642857143,2.5,75519.98142857142,0.006591188146407198,63.3278627658715,-35.70926309110533,272,SAFE_v2,0.012959248076025305,9.06523133047173e-06,0.018247600021627695,0.060715615471484186
2026-04-23 12:00,2026-04-23T15:59:59Z,BTCUSDT,4h,LR,0.5,0.5,False,True,200,77704.61,0.534977489429593,1,1,14,1026.6571428571458,76164.62428571428,1539.9857142857218,0.5,79244.59571428572,80784.58142857144,2.5,75137.96714285713,0.00649356673067465,61.64766484903701,-35.70926309110535,272,SAFE_v2,0.013212305045145912,1.4489044362978971e-05,0.022755403732751176,0.05655738358928967
2026-04-23 16:00,2026-04-23T19:59:59Z,BTCUSDT,4h,LR,0.5,0.5,False,True,200,78393.02,0.5466205606396953,1,1,14,1068.270000000003,76790.615,1602.4049999999988,0.5,79995.425,81597.83,2.5,75722.345,0.006240619568710786,49.922162952853924,-36.37192716153205,275,SAFE_v2,0.013629933158757813,0.0031241182465621396,0.01398450254897003,0.06464811763078736
2026-04-23 20:00,2026-04-23T23:59:59Z,BTCUSDT,4h,LR,0.5,0.5,False,True,200,77700.0,0.5016080747146658,1,1,14,1117.2864285714313,76024.07035714286,1675.9296428571397,0.5,79375.92964285714,81051.85928571428,2.5,74906.78392857141,0.005966837595253648,45.162120583898144,-36.94091799854854,276,SAFE_v2,0.014374447633577092,0.00274085844315364,0.022457500753275135,0.05683218474445116
2026-04-24 00:00,2026-04-24T03:59:59Z,BTCUSDT,4h,LR,0.5,0.5,False,True,200,78294.17,0.5168790805816748,1,1,14,1083.6307142857165,76668.72392857142,1625.4460714285815,0.5,79919.61607142858,81545.06214285716,2.5,75585.0932142857,0.006152157352849696,55.99939355452514,-34.838196395320864,272,SAFE_v2,0.01384699218893474,0.0004376867379637674,0.01553001706673932,0.0632224549014355
2026-04-24 04:00,2026-04-24T07:59:59Z,BTCUSDT,4h,LR,0.5,0.5,False,True,200,77734.0,0.49749779239150016,0,0,14,1059.1864285714307,,,0.5,,,2.5,,,53.788933182116835,-34.87048091280337,272,SAFE_v2,0.013625105769858963,9.56590292491752e-05,0.022318214357613452,0.056960669738100544
2026-04-24 08:00,2026-04-24T11:59:59Z,BTCUSDT,4h,LR,0.5,0.5,False,True,200,77644.6,0.4977021372716294,0,0,14,997.9621428571451,,,0.5,,,2.5,,,53.788933182116835,-34.87048091280337,272,SAFE_v2,0.012852949758993478,1.7563813199018585e-05,0.02354600319919223,0.055828093647207915
2026-04-24 12:00,2026-04-24T15:59:59Z,BTCUSDT,4h,LR,0.5,0.5,False,True,200,78242.61,0.5252180974085259,1,1,14,952.991428571431,76813.12285714285,1429.4871428571496,0.5,79672.09714285715,81101.5842857143,2.5,75860.13142857142,0.006995515874324525,48.835262100661204,-36.94091799854853,275,SAFE_v2,0.012180320318100056,0.0003380562610441068,0.015753526381430894,0.06301627832013837
2026-04-24 16:00,2026-04-24T19:59:59Z,BTCUSDT,4h,LR,0.5,0.5,False,True,200,78045.03,0.4940380161916118,0,0,14,939.721428571431,,,0.5,,,2.5,,,49.94141624210919,-36.1533996357289,276,SAFE_v2,0.012041748413432108,0.0007872091527166363,0.01837807998142473,0.060595253990908475
2026-04-24 20:00,2026-04-24T23:59:59Z,BTCUSDT,4h,LR,0.5,0.5,False,True,200,77618.01,0.49673117552030405,0,0,14,956.8107142857158,,,0.5,,,2.5,,,49.94141624210919,-36.1533996357289,276,SAFE_v2,0.01232545264145631,0.0005473018417328461,0.02375366890015762,0.05563653203673634
2026-04-25 00:00,2026-04-25T03:59:59Z,BTCUSDT,4h,LR,0.5,0.5,False,True,200,77433.89,0.48667080488487763,0,0,14,900.1750000000009,,,0.5,,,2.5,,,49.45640957970334,-36.153399635729045,275,SAFE_v2,0.01162459145890351,0.000685227834655486,0.02628829348401732,0.04794625007409245
2026-04-25 04:00,2026-04-25T07:59:59Z,BTCUSDT,4h,LR,0.5,0.5,False,True,200,77679.08,0.4889826103761883,0,0,14,868.8535714285712,,,0.5,,,2.5,,,49.45640957970334,-36.153399635729045,275,SAFE_v2,0.011185169588520706,9.145048344673952e-05,0.023091805810754425,0.050911526103492345
2026-04-25 08:00,2026-04-25T11:59:59Z,BTCUSDT,4h,LR,0.5,0.5,False,True,200,77491.37,0.48345124014839935,0,0,14,831.797857142857,,,0.5,,,2.5,,,45.22415186068363,-36.1533996357289,276,SAFE_v2,0.010732710776993965,0.00017668705439443644,0.025439996469731687,0.04873318719364186
2026-04-25 12:00,2026-04-25T15:59:59Z,BTCUSDT,4h,LR,0.5,0.5,False,True,200,77682.29,0.4913354406133388,0,0,14,779.8678571428567,,,0.5,,,2.5,,,49.24494066701512,-36.44996611363056,276,SAFE_v2,0.010039196279498118,0.00022668229124538149,0.023049266049022802,0.05095098883529459
2026-04-25 16:00,2026-04-25T19:59:59Z,BTCUSDT,4h,LR,0.5,0.5,False,True,200,77302.22,0.46555034389108113,0,0,14,764.8035714285704,,,0.5,,,2.5,,,50.706276845249576,-36.52851580825235,275,SAFE_v2,0.009890094400672783,0.0006276078136136063,0.027706618340608353,0.046630516954165126
2026-04-25 20:00,2026-04-25T23:59:59Z,BTCUSDT,4h,LR,0.5,0.5,False,True,200,77345.7,0.4740928803274286,0,0,14,715.701428571427,,,0.5,,,2.5,,,46.967521990390004,-36.30299343997076,277,SAFE_v2,0.009255157584635344,0.003997907463373989,0.027709940810818626,0.04662743480829755
2026-04-26 00:00,2026-04-26T03:59:59Z,BTCUSDT,4h,LR,0.5,0.5,False,True,200,77621.94,0.4909340803324633,0,0,14,648.2992857142838,,,0.5,,,2.5,,,46.967521990390004,-36.30299343997076,277,SAFE_v2,0.008351681619507681,0.005657219034638036,0.023804444444444534,0.050250434782608724
2026-04-26 04:00,2026-04-26T07:59:59Z,BTCUSDT,4h,LR,0.5,0.5,False,True,200,77388.79,0.4716969013228753,0,0,14,560.1635714285688,,,0.5,,,2.5,,,47.50526339831329,-36.52851580825224,276,SAFE_v2,0.0072372358089024405,0.0004157156153531182,0.02677783432370533,0.047492119207428615
2026-04-26 08:00,2026-04-26T11:59:59Z,BTCUSDT,4h,LR,0.5,0.5,False,True,200,78110.73,0.5206896581670418,1,1,14,568.9521428571398,77257.30178571428,853.4282142857119,0.5,78964.15821428571,79817.58642857142,2.5,76688.34964285715,0.01171744715326717,48.23083237192603,-36.52851580825218,276,SAFE_v2,0.0072846826198477805,0.0006613719616956944,0.017544758153161085,0.056057338987610277
2026-04-26 12:00,2026-04-26T15:59:59Z,BTCUSDT,4h,LR,0.5,0.5,False,True,200,78101.44,0.49730307889484143,0,0,14,515.8435714285691,,,0.5,,,2.5,,,49.86219515827371,-36.03754380118317,276,SAFE_v2,0.0066047895074478665,3.850573211898216e-05,0.01755895922021418,0.05604416512678902
2026-04-26 16:00,2026-04-26T19:59:59Z,BTCUSDT,4h,LR,0.5,0.5,False,True,200,78057.9,0.49590381116574916,0,0,14,501.7364285714263,,,0.5,,,2.5,,,52.866119518328894,-36.14528078515319,276,SAFE_v2,0.00642847991097165,0.009536181169004659,0.018242642442568218,0.05540993478455845
2026-04-26 20:00,2026-04-26T23:59:59Z,BTCUSDT,4h,LR,0.5,0.5,False,True,200,78240.52,0.5106672465560197,1,1,14,478.8385714285687,77522.26214285716,718.2578571428458,0.5,78958.77785714285,79677.0357142857,2.5,77043.42357142858,0.013922576551795686,51.7957923152228,-36.14528078515307,276,SAFE_v2,0.006121598956453326,0.00018687443391930363,0.016001552521082575,0.05748891987794614
2026-04-27 00:00,2026-04-27T03:59:59Z,BTCUSDT,4h,LR,0.5,0.5,False,True,200,78657.77,0.5206793808533474,1,1,14,494.20285714285484,77916.46571428572,741.3042857142864,0.5,79399.07428571429,80140.37857142858,2.5,77422.26285714286,0.013489737200648265,51.5400495783969,-36.14528078515307,277,SAFE_v2,0.006282967841521314,0.005419831131651903,0.010364802870163182,0.06271794633827274
2026-04-27 04:00,2026-04-27T07:59:59Z,BTCUSDT,4h,LR,0.5,0.5,False,True,200,79106.6,0.5344878582211289,1,1,14,521.9864285714274,78323.62035714286,782.9796428571426,0.5,79889.57964285715,80672.55928571429,2.5,77801.63392857143,0.012771724132583272,51.442439721923414,-36.60151707804683,278,SAFE_v2,0.006598611911403714,0.00042236578762016685,0.004805861135554539,0.06802536713949951
2026-04-27 08:00,2026-04-27T11:59:59Z,BTCUSDT,4h,LR,0.5,0.5,False,True,200,77614.37,0.4620749010382755,0,0,14,607.835714285713,,,0.5,,,2.5,,,53.09002455942691,-36.60151707804682,277,SAFE_v2,0.007832268315912732,0.004973904386788979,0.024212631399906676,0.05002525558393239
2026-04-27 12:00,2026-04-27T15:59:59Z,BTCUSDT,4h,LR,0.5,0.5,False,True,200,77838.29,0.5001227063329309,1,1,14,609.6085714285707,76923.87714285713,914.4128571428591,0.5,78752.70285714285,79667.11571428571,2.5,76314.26857142856,0.010935979215390336,54.44559320973008,-35.18539285035143,276,SAFE_v2,0.007831130663051723,0.002791014731570718,0.021085690839632992,0.052925546469322175
2026-04-27 14:33,2026-04-27T15:59:59Z,BTCUSDT,4h,PULLBACK,0.5,0.5,False,True,200,77949.99,0.0,0,0,14,609.6085714285707,,,0.5,,,2.5,,,0.0,0.0,0,SAFE_v2,0.007831130663051723,0.9094922043804082,0.021085690839632992,0.052925546469322175
2026-04-27 16:00,2026-04-27T19:59:59Z,BTCUSDT,4h,PULLBACK,0.5,0.5,False,True,200,76760.2,0.0,0,0,14,713.8785714285706,,,0.5,,,3.0,,,0.0,0.0,0,SAFE_v2,0.009296130308450548,0.006210269770500271,0.03506265993463744,0.03996166842615656
2026-04-27 20:00,2026-04-27T23:59:59Z,BTCUSDT,4h,PULLBACK,0.5,0.5,False,True,200,76872.98,0.0,0,0,14,723.6499999999984,,,0.5,,,3.0,,,0.0,0.0,0,SAFE_v2,0.009412957427261094,0.0006004230408683819,0.03391851538416607,0.041022882078075175
2026-04-28 00:00,2026-04-28T03:59:59Z,BTCUSDT,4h,PULLBACK,0.5,0.5,False,True,200,77377.37,0.0,0,0,14,740.3385714285697,,,0.5,,,3.0,,,0.0,0.0,0,SAFE_v2,0.009568643412424263,0.004444776449154306,0.027327180148923352,0.047136458315562006
2026-04-28 04:00,2026-04-28T07:59:59Z,BTCUSDT,4h,PULLBACK,0.5,0.5,False,True,200,76811.0,0.0,0,0,14,775.4757142857125,,,0.5,,,3.0,,,0.0,0.0,0,SAFE_v2,0.01009534462180148,0.0006812153207925107,0.03476500347978109,0.040237749882249776
2026-04-28 08:00,2026-04-28T11:59:59Z,BTCUSDT,4h,PULLBACK,0.5,0.5,False,True,200,76882.52,0.0,0,0,14,803.3435714285703,,,0.5,,,3.0,,,0.0,0.0,0,SAFE_v2,0.0104494159080128,0.00018963312898344071,0.033902242580835885,0.041037975381663316
2026-04-28 12:00,2026-04-28T15:59:59Z,BTCUSDT,4h,PULLBACK,0.5,0.5,False,True,200,76250.0,0.0,0,0,14,843.8871428571417,,,0.5,,,3.0,,,0.0,0.0,0,SAFE_v2,0.011070421268246228,0.004254769426548715,0.04272206115782712,0.027992233926720893
2026-04-28 14:07,2026-04-28T15:59:59Z,BTCUSDT,4h,PULLBACK,0.5,0.5,False,True,200,76177.89,0.0,0,0,14,843.8871428571417,,,0.5,,,3.0,,,0.0,0.0,0,SAFE_v2,0.011070421268246228,1.094082704910436,0.04272206115782712,0.027992233926720893
2026-04-28 16:00,2026-04-28T19:59:59Z,BTCUSDT,4h,PULLBACK,0.5,0.5,False,True,200,76057.19,0.0,0,0,14,839.5157142857133,,,0.5,,,3.0,,,0.0,0.0,0,SAFE_v2,0.011036619782428364,0.0004926478985881534,0.04495126493465311,0.01902246432655269
2026-04-28 20:00,2026-04-28T23:59:59Z,BTCUSDT,4h,PULLBACK,0.5,0.5,False,True,200,76376.0,0.0,0,0,14,854.9542857142848,,,0.5,,,3.0,,,0.0,0.0,0,SAFE_v2,0.011200621264400083,0.0038475578916383943,0.04132909617158019,0.021340879069138008
2026-04-29 00:00,2026-04-29T03:59:59Z,BTCUSDT,4h,PULLBACK,0.5,0.5,False,True,200,76335.43,0.0,0,0,14,846.4635714285707,,,0.5,,,3.0,,,0.0,0.0,0,SAFE_v2,0.011087671713098315,0.0009507603849057423,0.041168142051958546,0.019925920948375295
2026-04-29 04:00,2026-04-29T07:59:59Z,BTCUSDT,4h,PULLBACK,0.5,0.5,False,True,200,77000.1,0.0,0,0,14,867.1685714285704,,,0.5,,,3.0,,,0.0,0.0,0,SAFE_v2,0.011262693021897984,9.381969568228204e-05,0.03235128407406326,0.02822541995704114
2026-04-29 08:00,2026-04-29T11:59:59Z,BTCUSDT,4h,PULLBACK,0.5,0.5,False,True,200,77065.07,0.0,0,0,14,828.4871428571423,,,0.5,,,3.0,,,0.0,0.0,0,SAFE_v2,0.010752083131402258,0.0014388144672899709,0.03156268801837271,0.028967742471348434
2026-04-29 12:00,2026-04-29T15:59:59Z,BTCUSDT,4h,PULLBACK,0.5,0.5,False,True,200,77596.39,0.0,0,0,14,817.557142857141,,,0.5,,,3.0,,,0.0,0.0,0,SAFE_v2,0.01053688396379201,0.000340436478151975,0.024431360575579163,0.03568061515119909
2026-04-29 16:00,2026-04-29T19:59:59Z,BTCUSDT,4h,PULLBACK,0.5,0.5,False,True,200,75875.28,0.0,0,0,14,831.565714285712,,,0.5,,,3.0,,,0.0,0.0,0,SAFE_v2,0.01095257067782312,0.004268380938172627,0.04690741100504784,0.014523423017020162
2026-04-29 20:00,2026-04-29T23:59:59Z,BTCUSDT,4h,PULLBACK,0.5,0.5,False,True,200,75562.21,0.0,0,0,14,896.6021428571403,,,0.5,,,3.0,,,0.0,0.0,0,SAFE_v2,0.011865488910401616,0.0024344706939049996,0.051900471998121894,0.009823346769209429
2026-04-30 00:00,2026-04-30T03:59:59Z,BTCUSDT,4h,PULLBACK,0.5,0.5,False,True,200,75828.57,0.0,0,0,14,817.3492857142836,,,0.5,,,3.0,,,0.0,0.0,0,SAFE_v2,0.010785817969309629,0.0023186327464759277,0.048900237529691255,0.012647532330430101
2026-04-30 04:00,2026-04-30T07:59:59Z,BTCUSDT,4h,PULLBACK,0.5,0.5,False,True,200,75933.27,0.0,0,0,14,849.3328571428553,,,0.5,,,3.0,,,0.0,0.0,0,SAFE_v2,0.011186014889650278,0.002435851954865982,0.046854326659036605,0.013046289845261527
2026-04-30 08:00,2026-04-30T11:59:59Z,BTCUSDT,4h,PULLBACK,0.5,0.5,False,True,200,76173.33,0.0,0,0,14,861.4735714285707,,,0.5,,,3.0,,,0.0,0.0,0,SAFE_v2,0.011311117146309564,0.00033021679900513374,0.04364386967880307,0.016073045667197083
2026-04-30 12:00,2026-04-30T15:59:59Z,BTCUSDT,4h,PULLBACK,0.5,0.5,False,True,200,76059.43,0.0,0,0,14,836.9800000000001,,,0.5,,,3.0,,,0.0,0.0,0,SAFE_v2,0.011004289671905249,0.0007405627826440283,0.04504674831247106,0.014750439228902833
